{"cameraMode":{"drawMode":0,"name":"Shaded","section":"Shading Mode"},"sceneLighting":false,"audioPlay":false,"sceneViewState":{"showFog":true,"showMaterialUpdate":false,"showSkybox":false,"showFlares":true,"showImageEffects":true,"showParticleSystems":true,"showVisualEffectGraphs":true,"m_FxEnabled":true},"in2DMode":false,"pivot":{"x":246.77728271484376,"y":299.5419921875,"z":-0.372161865234375},"rotation":{"x":-0.034493494778871539,"y":-0.010795016773045063,"z":-0.0003376677050255239,"w":0.9993901252746582},"size":211.56246948242188,"orthographic":true}