{"cameraMode":{"drawMode":0,"name":"Shaded","section":"Shading Mode"},"sceneLighting":false,"audioPlay":false,"sceneViewState":{"showFog":true,"showMaterialUpdate":false,"showSkybox":false,"showFlares":true,"showImageEffects":true,"showParticleSystems":true,"showVisualEffectGraphs":true,"m_FxEnabled":true},"in2DMode":false,"pivot":{"x":0.3936389088630676,"y":-0.27255651354789736,"z":0.018434733152389528},"rotation":{"x":-0.16864532232284547,"y":-0.8169412612915039,"z":0.2961006164550781,"w":-0.4653673470020294},"size":1.4151878356933594,"orthographic":false}