{"cameraMode":{"drawMode":0,"name":"Shaded","section":"Shading Mode"},"sceneLighting":false,"audioPlay":false,"sceneViewState":{"showFog":true,"showMaterialUpdate":false,"showSkybox":false,"showFlares":true,"showImageEffects":true,"showParticleSystems":true,"showVisualEffectGraphs":true,"m_FxEnabled":true},"in2DMode":false,"pivot":{"x":-0.4518885612487793,"y":0.39376890659332278,"z":0.0839996337890625},"rotation":{"x":0.07484883069992066,"y":-0.046352699398994449,"z":0.0034829999785870315,"w":0.9961128234863281},"size":52.330440521240237,"orthographic":true}