{"cameraMode":{"drawMode":0,"name":"Shaded","section":"Shading Mode"},"sceneLighting":true,"audioPlay":false,"sceneViewState":{"showFog":true,"showMaterialUpdate":false,"showSkybox":true,"showFlares":true,"showImageEffects":true,"showParticleSystems":true,"showVisualEffectGraphs":true,"m_FxEnabled":true},"in2DMode":false,"pivot":{"x":11.993416786193848,"y":3.1907310485839845,"z":96.5522232055664},"rotation":{"x":0.21520471572875977,"y":-0.0005857088835909963,"z":0.00012956018326804042,"w":0.9765770435333252},"size":13.716164588928223,"orthographic":true}