{"cameraMode":{"drawMode":0,"name":"Shaded","section":"Shading Mode"},"sceneLighting":true,"audioPlay":false,"sceneViewState":{"showFog":true,"showMaterialUpdate":false,"showSkybox":true,"showFlares":true,"showImageEffects":true,"showParticleSystems":true,"showVisualEffectGraphs":true,"m_FxEnabled":true},"in2DMode":false,"pivot":{"x":-8.863341331481934,"y":-5.954675674438477,"z":92.0149917602539},"rotation":{"x":-0.31579631567001345,"y":-0.006834038067609072,"z":0.0022781705483794214,"w":-0.9488144516944885},"size":3.1764566898345949,"orthographic":true}