{"cameraMode":{"drawMode":0,"name":"Shaded","section":"Shading Mode"},"sceneLighting":true,"audioPlay":false,"sceneViewState":{"showFog":true,"showMaterialUpdate":false,"showSkybox":true,"showFlares":true,"showImageEffects":true,"showParticleSystems":true,"showVisualEffectGraphs":true,"m_FxEnabled":true},"in2DMode":false,"pivot":{"x":0.0000019233768853155199,"y":5.2639546394348148,"z":98.5882339477539},"rotation":{"x":-0.3317932188510895,"y":-0.11395397037267685,"z":0.04041588678956032,"w":-0.9355864524841309},"size":38.25968551635742,"orthographic":true}