{"cameraMode":{"drawMode":0,"name":"Shaded","section":"Shading Mode"},"sceneLighting":true,"audioPlay":false,"sceneViewState":{"showFog":true,"showMaterialUpdate":false,"showSkybox":true,"showFlares":true,"showImageEffects":true,"showParticleSystems":true,"showVisualEffectGraphs":true,"m_FxEnabled":true},"in2DMode":false,"pivot":{"x":18.963462829589845,"y":-8.75434684753418,"z":107.14930725097656},"rotation":{"x":-0.12328384816646576,"y":0.006839180830866098,"z":-0.0008568291668780148,"w":-0.9923641681671143},"size":36.0449104309082,"orthographic":false}