{"cameraMode":{"drawMode":0,"name":"Shaded","section":"Shading Mode"},"sceneLighting":true,"audioPlay":false,"sceneViewState":{"showFog":true,"showMaterialUpdate":false,"showSkybox":true,"showFlares":true,"showImageEffects":true,"showParticleSystems":true,"showVisualEffectGraphs":true,"m_FxEnabled":true},"in2DMode":false,"pivot":{"x":14.907129287719727,"y":3.019399404525757,"z":98.49098205566406},"rotation":{"x":-0.22895127534866334,"y":0.049323614686727527,"z":-0.011609416455030442,"w":-0.9721308946609497},"size":25.243144989013673,"orthographic":true}