{"cameraMode":{"drawMode":0,"name":"Shaded","section":"Shading Mode"},"sceneLighting":true,"audioPlay":false,"sceneViewState":{"showFog":true,"showMaterialUpdate":false,"showSkybox":true,"showFlares":true,"showImageEffects":true,"showParticleSystems":true,"showVisualEffectGraphs":true,"m_FxEnabled":true},"in2DMode":false,"pivot":{"x":-14.814815521240235,"y":-4.688120365142822,"z":101.59873962402344},"rotation":{"x":0.029386889189481736,"y":0.026387356221675874,"z":-0.0007478513871319592,"w":0.9992548227310181},"size":16.067506790161134,"orthographic":true}