{"cameraMode":{"drawMode":0,"name":"Shaded","section":"Shading Mode"},"sceneLighting":true,"audioPlay":false,"sceneViewState":{"showFog":true,"showMaterialUpdate":false,"showSkybox":true,"showFlares":true,"showImageEffects":true,"showParticleSystems":true,"showVisualEffectGraphs":true,"m_FxEnabled":true},"in2DMode":false,"pivot":{"x":-26.250213623046876,"y":5.9855241775512699,"z":98.97234344482422},"rotation":{"x":-0.12436511367559433,"y":0.043740153312683108,"z":-0.005487615242600441,"w":-0.9912591576576233},"size":15.531027793884278,"orthographic":false}