{"cameraMode":{"drawMode":0,"name":"Shaded","section":"Shading Mode"},"sceneLighting":true,"audioPlay":false,"sceneViewState":{"showFog":true,"showMaterialUpdate":false,"showSkybox":true,"showFlares":true,"showImageEffects":true,"showParticleSystems":true,"showVisualEffectGraphs":true,"m_FxEnabled":true},"in2DMode":false,"pivot":{"x":-0.12242986261844635,"y":-0.4364532232284546,"z":98.816162109375},"rotation":{"x":0.12298920005559921,"y":-0.012212454341351986,"z":0.0015114728594198824,"w":0.9923393726348877},"size":32.0612678527832,"orthographic":true}