{"cameraMode":{"drawMode":0,"name":"Shaded","section":"Shading Mode"},"sceneLighting":true,"audioPlay":false,"sceneViewState":{"showFog":true,"showMaterialUpdate":false,"showSkybox":true,"showFlares":true,"showImageEffects":true,"showParticleSystems":true,"showVisualEffectGraphs":true,"m_FxEnabled":true},"in2DMode":false,"pivot":{"x":0.3258429765701294,"y":-3.664433479309082,"z":100.173583984375},"rotation":{"x":0.008400628343224526,"y":0.006892457604408264,"z":0.00005085134398541413,"w":-0.9999575018882752},"size":3.5187034606933595,"orthographic":false}