{"cameraMode":{"drawMode":0,"name":"Shaded","section":"Shading Mode"},"sceneLighting":true,"audioPlay":false,"sceneViewState":{"showFog":true,"showMaterialUpdate":false,"showSkybox":true,"showFlares":true,"showImageEffects":true,"showParticleSystems":true,"showVisualEffectGraphs":true,"m_FxEnabled":true},"in2DMode":false,"pivot":{"x":3.554008960723877,"y":-17.251256942749025,"z":99.23119354248047},"rotation":{"x":0.029386889189481736,"y":0.026387356221675874,"z":-0.0007478513871319592,"w":0.9992548227310181},"size":25.111011505126954,"orthographic":true}