{"cameraMode":{"drawMode":0,"name":"Shaded","section":"Shading Mode"},"sceneLighting":true,"audioPlay":false,"sceneViewState":{"showFog":true,"showMaterialUpdate":false,"showSkybox":true,"showFlares":true,"showImageEffects":true,"showParticleSystems":true,"showVisualEffectGraphs":true,"m_FxEnabled":true},"in2DMode":false,"pivot":{"x":15.261245727539063,"y":4.804266452789307,"z":114.84976959228516},"rotation":{"x":-0.031794413924217227,"y":-0.005700774025171995,"z":0.00018436041136737913,"w":-0.9994930028915405},"size":9.148540496826172,"orthographic":true}