{"cameraMode":{"drawMode":0,"name":"Shaded","section":"Shading Mode"},"sceneLighting":true,"audioPlay":false,"sceneViewState":{"showFog":true,"showMaterialUpdate":false,"showSkybox":true,"showFlares":true,"showImageEffects":true,"showParticleSystems":true,"showVisualEffectGraphs":true,"m_FxEnabled":true},"in2DMode":false,"pivot":{"x":-6.282566547393799,"y":-6.288471221923828,"z":91.74386596679688},"rotation":{"x":-0.31579631567001345,"y":-0.006834038067609072,"z":0.0022781705483794214,"w":-0.9488144516944885},"size":6.962330341339111,"orthographic":true}