{"cameraMode":{"drawMode":0,"name":"Shaded","section":"Shading Mode"},"sceneLighting":true,"audioPlay":false,"sceneViewState":{"showFog":true,"showMaterialUpdate":false,"showSkybox":true,"showFlares":true,"showImageEffects":true,"showParticleSystems":true,"showVisualEffectGraphs":true,"m_FxEnabled":true},"in2DMode":false,"pivot":{"x":-13.603918075561524,"y":-3.3491897583007814,"z":100.69670104980469},"rotation":{"x":0.029386889189481736,"y":0.026387356221675874,"z":-0.0007478513871319592,"w":0.9992548227310181},"size":7.540879249572754,"orthographic":true}