{"cameraMode":{"drawMode":0,"name":"Shaded","section":"Shading Mode"},"sceneLighting":true,"audioPlay":false,"sceneViewState":{"showFog":true,"showMaterialUpdate":false,"showSkybox":true,"showFlares":true,"showImageEffects":true,"showParticleSystems":true,"showVisualEffectGraphs":true,"m_FxEnabled":true},"in2DMode":false,"pivot":{"x":16.827735900878908,"y":6.441895961761475,"z":99.81092071533203},"rotation":{"x":-0.14657613635063172,"y":0.050719257444143298,"z":-0.007523162756115198,"w":-0.9878800511360169},"size":15.647076606750489,"orthographic":true}