{"cameraMode":{"drawMode":0,"name":"Shaded","section":"Shading Mode"},"sceneLighting":true,"audioPlay":false,"sceneViewState":{"showFog":true,"showMaterialUpdate":false,"showSkybox":true,"showFlares":true,"showImageEffects":true,"showParticleSystems":true,"showVisualEffectGraphs":true,"m_FxEnabled":true},"in2DMode":false,"pivot":{"x":-0.877354621887207,"y":-4.867684364318848,"z":100.41062927246094},"rotation":{"x":0.051856521517038348,"y":0.02935873158276081,"z":-0.0014971933560445905,"w":0.9982573986053467},"size":19.376911163330079,"orthographic":true}