{"cameraMode":{"drawMode":0,"name":"Shaded","section":"Shading Mode"},"sceneLighting":true,"audioPlay":false,"sceneViewState":{"showFog":true,"showMaterialUpdate":false,"showSkybox":true,"showFlares":true,"showImageEffects":true,"showParticleSystems":true,"showVisualEffectGraphs":true,"m_FxEnabled":true},"in2DMode":false,"pivot":{"x":3.7744383811950685,"y":-5.942782878875732,"z":92.80692291259766},"rotation":{"x":0.16892877221107484,"y":-0.025721577927470208,"z":0.004410433582961559,"w":0.9852911829948425},"size":17.864439010620118,"orthographic":true}