{"cameraMode":{"drawMode":0,"name":"Shaded","section":"Shading Mode"},"sceneLighting":true,"audioPlay":false,"sceneViewState":{"showFog":true,"showMaterialUpdate":false,"showSkybox":true,"showFlares":true,"showImageEffects":true,"showParticleSystems":true,"showVisualEffectGraphs":true,"m_FxEnabled":true},"in2DMode":false,"pivot":{"x":17.55830955505371,"y":-0.9233136177062988,"z":111.10200500488281},"rotation":{"x":-0.09405674785375595,"y":-0.019414840266108514,"z":0.00184448785148561,"w":-0.9954138398170471},"size":38.71070098876953,"orthographic":false}