{"cameraMode":{"drawMode":0,"name":"Shaded","section":"Shading Mode"},"sceneLighting":true,"audioPlay":false,"sceneViewState":{"showFog":true,"showMaterialUpdate":false,"showSkybox":true,"showFlares":true,"showImageEffects":true,"showParticleSystems":true,"showVisualEffectGraphs":true,"m_FxEnabled":true},"in2DMode":false,"pivot":{"x":19.665172576904298,"y":0.6561686992645264,"z":111.32072448730469},"rotation":{"x":-0.09405674785375595,"y":-0.019414840266108514,"z":0.00184448785148561,"w":-0.9954138398170471},"size":17.657249450683595,"orthographic":false}