{"cameraMode":{"drawMode":0,"name":"Shaded","section":"Shading Mode"},"sceneLighting":true,"audioPlay":false,"sceneViewState":{"showFog":true,"showMaterialUpdate":false,"showSkybox":true,"showFlares":true,"showImageEffects":true,"showParticleSystems":true,"showVisualEffectGraphs":true,"m_FxEnabled":true},"in2DMode":false,"pivot":{"x":-0.46575140953063967,"y":-1.115140438079834,"z":99.70451354980469},"rotation":{"x":-0.036280740052461627,"y":-0.02548081986606121,"z":-0.0009238704806193709,"w":0.9990244507789612},"size":8.104743003845215,"orthographic":true}