{"cameraMode":{"drawMode":0,"name":"Shaded","section":"Shading Mode"},"sceneLighting":true,"audioPlay":false,"sceneViewState":{"showFog":true,"showMaterialUpdate":false,"showSkybox":true,"showFlares":true,"showImageEffects":true,"showParticleSystems":true,"showVisualEffectGraphs":true,"m_FxEnabled":true},"in2DMode":false,"pivot":{"x":-14.668451309204102,"y":2.3794503211975099,"z":100.00341796875},"rotation":{"x":-0.002999712247401476,"y":0.01349952444434166,"z":0.0000404982638428919,"w":0.9999041557312012},"size":19.521284103393556,"orthographic":true}