{"cameraMode":{"drawMode":0,"name":"Shaded","section":"Shading Mode"},"sceneLighting":true,"audioPlay":false,"sceneViewState":{"showFog":true,"showMaterialUpdate":false,"showSkybox":true,"showFlares":true,"showImageEffects":true,"showParticleSystems":true,"showVisualEffectGraphs":true,"m_FxEnabled":true},"in2DMode":false,"pivot":{"x":-4.363963603973389,"y":1.3887512683868409,"z":100.16986846923828},"rotation":{"x":-0.07193610817193985,"y":-0.007185104303061962,"z":0.0005184332840144634,"w":-0.9973849654197693},"size":30.978734970092775,"orthographic":true}