{"cameraMode":{"drawMode":0,"name":"Shaded","section":"Shading Mode"},"sceneLighting":true,"audioPlay":false,"sceneViewState":{"showFog":true,"showMaterialUpdate":false,"showSkybox":true,"showFlares":true,"showImageEffects":true,"showParticleSystems":true,"showVisualEffectGraphs":true,"m_FxEnabled":true},"in2DMode":false,"pivot":{"x":3.554008960723877,"y":-17.251256942749025,"z":99.23119354248047},"rotation":{"x":0.0965648740530014,"y":0.06207192689180374,"z":-0.0060058278031647209,"w":0.9934068918228149},"size":12.106024742126465,"orthographic":true}