{"cameraMode":{"drawMode":0,"name":"Shaded","section":"Shading Mode"},"sceneLighting":true,"audioPlay":false,"sceneViewState":{"showFog":true,"showMaterialUpdate":false,"showSkybox":true,"showFlares":true,"showImageEffects":true,"showParticleSystems":true,"showVisualEffectGraphs":true,"m_FxEnabled":true},"in2DMode":false,"pivot":{"x":-11.312118530273438,"y":-3.7720718383789064,"z":101.48011779785156},"rotation":{"x":0.029386889189481736,"y":0.026387356221675874,"z":-0.0007478513871319592,"w":0.9992548227310181},"size":13.980753898620606,"orthographic":true}