{"cameraMode":{"drawMode":0,"name":"Shaded","section":"Shading Mode"},"sceneLighting":true,"audioPlay":false,"sceneViewState":{"showFog":true,"showMaterialUpdate":false,"showSkybox":true,"showFlares":true,"showImageEffects":true,"showParticleSystems":true},"in2DMode":false,"pivot":{"x":147.11444091796876,"y":201.44534301757813,"z":-1.5185546875},"rotation":{"x":0.03298680856823921,"y":-0.020987283438444139,"z":0.0006928587681613863,"w":0.9992364048957825},"size":219.61904907226563,"orthographic":true}