{"cameraMode":{"drawMode":0,"name":"Shaded","section":"Shading Mode"},"sceneLighting":true,"audioPlay":false,"sceneViewState":{"showFog":true,"showMaterialUpdate":false,"showSkybox":true,"showFlares":true,"showImageEffects":true,"showParticleSystems":true},"in2DMode":false,"pivot":{"x":196.22091674804688,"y":442.32562255859377,"z":76.8861083984375},"rotation":{"x":0.16465088725090028,"y":-0.09541738778352738,"z":-0.01600685343146324,"w":-0.9815983772277832},"size":417.072998046875,"orthographic":true}