{"cameraMode":{"drawMode":0,"name":"Shaded","section":"Shading Mode"},"sceneLighting":false,"audioPlay":false,"sceneViewState":{"showFog":true,"showMaterialUpdate":false,"showSkybox":false,"showFlares":true,"showImageEffects":true,"showParticleSystems":true,"showVisualEffectGraphs":true,"m_FxEnabled":true},"in2DMode":false,"pivot":{"x":115.13758850097656,"y":189.1284942626953,"z":3.2535934448242189},"rotation":{"x":-0.019203104078769685,"y":0.02698981761932373,"z":-0.0005037254304625094,"w":-0.999472439289093},"size":163.42703247070313,"orthographic":false}