{"cameraMode":{"drawMode":0,"name":"Shaded","section":"Shading Mode"},"sceneLighting":false,"audioPlay":false,"sceneViewState":{"showFog":true,"showMaterialUpdate":false,"showSkybox":false,"showFlares":true,"showImageEffects":true,"showParticleSystems":true,"showVisualEffectGraphs":true,"m_FxEnabled":true},"in2DMode":false,"pivot":{"x":130.2655029296875,"y":268.9749450683594,"z":1.757359504699707},"rotation":{"x":-0.04767754301428795,"y":-0.025470895692706109,"z":0.001230778987519443,"w":-0.9985591769218445},"size":46.522193908691409,"orthographic":false}