{"cameraMode":{"drawMode":0,"name":"Shaded","section":"Shading Mode"},"sceneLighting":false,"audioPlay":false,"sceneViewState":{"showFog":true,"showMaterialUpdate":false,"showSkybox":false,"showFlares":true,"showImageEffects":true,"showParticleSystems":true,"showVisualEffectGraphs":true,"m_FxEnabled":true},"in2DMode":false,"pivot":{"x":152.6226806640625,"y":290.6114501953125,"z":421.09674072265627},"rotation":{"x":-0.002703662496060133,"y":0.0779213011264801,"z":-0.00019419394084252417,"w":-0.9969989061355591},"size":255.18775939941407,"orthographic":true}