{"cameraMode":{"drawMode":0,"name":"Shaded","section":"Shading Mode"},"sceneLighting":false,"audioPlay":false,"sceneViewState":{"showFog":true,"showMaterialUpdate":false,"showSkybox":false,"showFlares":true,"showImageEffects":true,"showParticleSystems":true,"showVisualEffectGraphs":true,"m_FxEnabled":true},"in2DMode":false,"pivot":{"x":-1.1234760284423829,"y":8.66200065612793,"z":-0.36614418029785159},"rotation":{"x":-0.06984315067529679,"y":-0.006285273935645819,"z":-0.0004313924873713404,"w":0.9975535869598389},"size":25.484067916870118,"orthographic":true}