{"cameraMode":{"drawMode":0,"name":"Shaded","section":"Shading Mode"},"sceneLighting":false,"audioPlay":false,"sceneViewState":{"showFog":true,"showMaterialUpdate":false,"showSkybox":false,"showFlares":true,"showImageEffects":true,"showParticleSystems":true,"showVisualEffectGraphs":true,"m_FxEnabled":true},"in2DMode":false,"pivot":{"x":-1.1234760284423829,"y":8.66200065612793,"z":-0.36614418029785159},"rotation":{"x":0.7931164503097534,"y":-0.002733676228672266,"z":0.0035747261717915537,"w":0.6090816855430603},"size":45.16276168823242,"orthographic":true}