{"cameraMode":{"drawMode":0,"name":"Shaded","section":"Shading Mode"},"sceneLighting":false,"audioPlay":false,"sceneViewState":{"showFog":true,"showMaterialUpdate":false,"showSkybox":false,"showFlares":true,"showImageEffects":true,"showParticleSystems":true,"showVisualEffectGraphs":true,"m_FxEnabled":true},"in2DMode":false,"pivot":{"x":393.15814208984377,"y":-81.99798583984375,"z":722.5733642578125},"rotation":{"x":-0.2432546764612198,"y":0.0014566162135452033,"z":-0.0003469227231107652,"w":-0.9700009226799011},"size":672.8274536132813,"orthographic":false}